{"cameraMode":{"drawMode":0,"name":"Shaded","section":"Shading Mode"},"sceneLighting":true,"audioPlay":false,"sceneViewState":{"showFog":true,"showMaterialUpdate":false,"showSkybox":true,"showFlares":true,"showImageEffects":true,"showParticleSystems":true},"in2DMode":false,"pivot":{"x":93.1205825805664,"y":60.230690002441409,"z":23.893890380859376},"rotation":{"x":-0.1324378252029419,"y":0.8010139465332031,"z":-0.1924675852060318,"w":-0.5511823892593384},"size":47.144378662109378,"orthographic":false}