{"cameraMode":{"drawMode":0,"name":"Shaded","section":"Shading Mode"},"sceneLighting":true,"audioPlay":false,"sceneViewState":{"showFog":true,"showMaterialUpdate":false,"showSkybox":true,"showFlares":true,"showImageEffects":true,"showParticleSystems":true},"in2DMode":false,"pivot":{"x":28.251829147338868,"y":24.908061981201173,"z":42.51850509643555},"rotation":{"x":-0.010179505683481694,"y":0.9374449253082275,"z":-0.34739264845848086,"w":-0.026881488040089608},"size":22.0,"orthographic":false}